firstname,lastname,email,country,supportrepid,purchasedate
Bryan,Romero,spatton@clark.com,Macao,3f699043-d81e-4b5a-9592-5a455c95e17d,2022-11-04
David,Bradley,lewistrevor@gmail.com,Kazakhstan,d94a8f92-4874-4aa5-85c1-935986f01db7,2023-05-24
Pamela,Anderson,isummers@henderson.com,Kuwait,27c20e48-7707-41c8-9eda-c91f6221def7,2023-10-25
Brian,Burns,clarence21@pierce.net,Martinique,efe59040-1ba0-474a-8be1-9a1d0af13626,2024-05-17
William,Mcneil,xdoyle@hotmail.com,Senegal,53fa0ede-e6fe-4de2-9341-308db01f9e98,2024-08-22
Bryan,Rogers,juliaanderson@gmail.com,Gabon,1abf80a2-f19d-4366-aa52-d6e335bb61f4,2023-05-10
Amber,Gallagher,burchsarah@williams-mueller.com,Afghanistan,05e541d6-b146-4bef-bea5-59c58953b0be,2023-03-24
Laura,Munoz,jason65@gay.com,Tuvalu,5f3f4653-e3f8-46ec-9d1f-9b61cd2542b9,2023-08-26
Susan,Santiago,dennisryan@gmail.com,Philippines,11213722-4c40-4697-8178-09ff638deb53,2024-05-10
Noah,Hernandez,ymorrison@gmail.com,Slovakia (Slovak Republic),34ee7f33-8bd1-450d-adcd-4b35cb1c9308,2023-07-05
Richard,Reilly,thomas13@hudson.com,Lesotho,916840c1-4411-4849-b4c4-b53e4e859a2e,2024-06-12
Casey,Ashley,harveybrandy@hotmail.com,Grenada,1e2601b6-73b8-43d1-a6e8-5a9ba8b0dc4a,2024-02-29
Jorge,Collier,rodriguezmindy@hotmail.com,French Polynesia,f7baedb0-cd51-4d2c-abf0-224c73713d27,2022-11-18
Sean,Jones,stewartadam@gmail.com,United States Minor Outlying Islands,6cf3f2a5-e6ce-47ce-b642-5d70e54b70a5,2022-11-26
Johnny,Scott,rcamacho@gmail.com,Comoros,3c3ab520-bb5a-44ce-9b42-3087d18e58c6,2023-11-20
Jacqueline,Anderson,ethompson@gmail.com,Antigua and Barbuda,112c2029-4493-4622-806d-1d77f22be718,2023-08-15
John,Greer,oberry@gmail.com,South Georgia and the South Sandwich Islands,57a09546-2cf9-42d0-9585-6482ed21cea4,2023-01-20
Drew,Gentry,morrischristopher@gonzalez-garrett.net,Cuba,55a2e73f-ed57-4af0-802c-587681361f93,2023-07-22
Kevin,Key,markcollins@miller-herman.info,Benin,f07f9f70-9921-4015-ae80-ae2929b4a61e,2023-08-03
Joseph,Cooke,collinsjeremiah@marquez-edwards.org,Anguilla,5d98d293-e4fb-4c06-868a-8ff6d2e53ed8,2024-03-14
Angela,Tran,tammy51@hotmail.com,Germany,3b3ba672-2648-4057-b4cb-6f5ce649250e,2023-04-11
Lawrence,Rush,smithscott@graham.com,Iran,e2f784fd-50f6-48e2-8820-75b56e736ab4,2024-05-30
Jeffery,Harris,zachary61@gmail.com,Latvia,a422e3e9-3f7a-4879-a07c-64f251e752ab,2024-05-28
Ryan,George,jacksonrobert@quinn.com,Lao People's Democratic Republic,802876fd-a270-46a5-983b-4d78da0254b7,2023-08-01
Shannon,Montgomery,xgregory@gmail.com,Moldova,02bf2e66-0d29-4f56-9954-edf1432b0441,2022-10-28
Deborah,Brooks,alyssahart@jackson-church.info,Central African Republic,1d5f98bf-976e-4934-a0c1-041f29018379,2023-01-05
Victoria,Alvarez,nathanandrews@yahoo.com,Australia,2e1ca2cf-400c-4ec6-bd23-25f80f82de24,2023-01-08
Nicholas,Mccoy,krista49@gmail.com,Sweden,31a62de7-517f-44f2-9068-884e1d40f12f,2024-08-27
Diana,Phillips,kimberlycochran@gmail.com,Antarctica (the territory South of 60 deg S),b17acc9f-aee0-438f-9132-c7de68afbf8d,2023-09-12
Cheryl,Owens,julie28@yahoo.com,Algeria,1aec6323-9fab-4e93-9c5c-7b8ce8e65a98,2023-03-20
Michael,Kelly,andrew92@mcconnell.net,Venezuela,0c6becd0-b2ec-4d05-967e-129643392951,2023-08-05
Dalton,Hernandez,slin@martinez.net,Liberia,ae93c0e0-5bde-4c62-bfb6-68046250784d,2022-12-02
Kristen,Rush,hilltracy@yahoo.com,Guadeloupe,d612d1d7-7bf6-4859-a9c0-57834cf3bc1e,2023-05-01
Joshua,Norman,shelia05@perez-farley.com,Mauritania,6e33d207-429d-4631-9ef1-10217022df8d,2023-10-22
Robert,Rice,mturner@yahoo.com,Sao Tome and Principe,81067adb-3bbb-4d67-89d2-ab7e968b0557,2023-01-26
Tonya,Taylor,joelmccarty@garcia.com,Solomon Islands,e48e04b0-64f2-47e5-bc33-36e9bed9da78,2024-06-03
Joshua,Soto,hawkinstina@gmail.com,Kenya,0cb63aa7-7a46-4e38-93fd-b97b2aa5d893,2023-09-25
Jeanette,Bates,ypowers@cuevas.net,Cote d'Ivoire,22ab42c9-c16a-41db-9083-570e7ec6752a,2024-03-25
Shannon,Perez,fisherrichard@luna.com,Taiwan,7fdcec11-eb04-4d03-9b6a-4f7884bb7181,2023-06-05
Steven,Leonard,jbuchanan@yahoo.com,Liberia,65b0fa1c-177f-409b-8802-a72a3bfe9aaf,2024-09-27
Mark,Winters,lukerichards@hall.biz,Jamaica,4cd8545e-af5f-43e3-9bba-e4cba47ab0cf,2023-07-06
Jennifer,Smith,ravensolis@yahoo.com,Australia,d21692f3-3b7e-4fef-9d9a-c4ba57980873,2024-04-05
Sara,Lewis,michaelsmith@yahoo.com,Somalia,68cdf9a7-c8db-41f2-aa7f-5c0e45bf600a,2023-01-13
Garrett,Harris,halldavid@barnes.info,Burkina Faso,6def2c93-d943-434d-af04-982e5347af45,2023-03-26
Gloria,Hall,brandy54@gmail.com,India,e4e8c469-d514-4bae-b47d-fed5cb5f3f05,2022-12-31
Bryan,Daniels,matthew60@gmail.com,Central African Republic,1ebf4a8f-cca4-4d02-8a8c-3dea5ecb405f,2023-03-31
Joshua,Davis,waltersamy@hotmail.com,Bahrain,13501d78-79af-4f3a-8740-708137117b34,2023-11-01
Glenda,Allen,savannahhaynes@jackson.com,Mali,cecd9481-0d19-4666-8aab-17eb3f816c36,2024-06-23
Lindsey,Ross,xgarcia@davis.org,Greenland,d670e4f0-926d-42e2-a877-534570e382ed,2023-09-11
Stephanie,Bryant,ryan07@wiley.com,Canada,47462835-acb1-4e4a-8b9d-2726b88fb6a6,2023-04-24
Christopher,Beck,smithemily@gmail.com,South Africa,0264aff5-c0a9-495b-8136-49c41305f9f1,2023-07-14
Robert,Russo,tlewis@wilkerson.com,Algeria,f120531b-9972-4e21-bc69-cd4de5e8bfbd,2024-03-24
Roy,James,etran@smith.com,Burundi,886ea18d-945b-4172-a8d6-04474255d7b6,2022-10-10
Tiffany,Shepherd,lwilliams@dean-diaz.info,Tuvalu,65f130e7-d6b0-491a-b03d-924c6bfe6f0c,2023-09-12
Larry,Cabrera,mccoyalexander@fitzgerald.com,Portugal,b78d6c3c-6516-46f2-968f-4bbb7d2924b7,2023-10-06
Cory,Turner,gregorywood@yahoo.com,Papua New Guinea,350d60cd-c976-4442-ba00-e8093855918f,2022-12-24
Darren,Owens,cynthiawerner@hotmail.com,Panama,d2be0009-c5e6-4890-8b15-5a2f00ee3639,2024-03-14
Amber,Wilson,davisallison@thornton.com,Jamaica,41c6365d-8ee6-4121-94f9-663f12c20895,2024-02-22
Jason,Patrick,mcdonaldbeth@gmail.com,Cambodia,9e29c543-d75d-405d-964e-1b5f77a77c42,2024-02-26
Marissa,Jones,tholder@yahoo.com,Mayotte,23bb50d5-6446-4414-8f4a-046238484542,2024-02-10
Janet,Benson,nbowen@gmail.com,Swaziland,d648ccf9-c51b-459c-b067-5a8ae04ef964,2022-10-23
Beth,Obrien,beckcheryl@yahoo.com,Martinique,49b5956c-523d-4af4-8935-a389e922263e,2023-01-10
Thomas,Singleton,eparker@gmail.com,Saint Lucia,8e043cd1-74e2-4e26-acb0-c21a9583731f,2024-03-26
Kelly,Cooper,lisacarter@brown-guerrero.com,Colombia,37a34212-2770-4fc7-b78b-f2877ab77c08,2022-11-18
Joseph,Horn,tammy16@mills.biz,Guernsey,cfa9006a-81d7-422d-97ac-6f13f8e4e9e7,2024-06-18
Lawrence,Ramirez,jill67@wright.com,Palau,272afc38-b6d4-490f-a6a4-407e5fe0d83a,2023-10-05
Lauren,Kirk,joshua68@gmail.com,Cook Islands,bf79f4a4-0a4d-4847-bf8b-b3a81b4a057e,2024-09-04
Melanie,Marquez,sbailey@gmail.com,Antigua and Barbuda,aaf2d013-a099-4022-bf6f-00aa66ae1409,2023-05-02
Curtis,Smith,carla44@yahoo.com,Serbia,7a3c73cf-33c5-492b-a38b-2ed052868577,2024-06-30
Tonya,Fowler,pmcdonald@gmail.com,Korea,95469e73-275f-4609-81fa-a7be14f9cc7c,2022-11-05
Gene,Martinez,sgoodman@walker.com,Afghanistan,5ffff874-f976-493d-baed-c0af03b01352,2023-02-12
Kelly,Powers,matthew24@herrera.info,Hong Kong,95321eb2-eb50-4829-96cd-4e5a12d067cf,2023-08-19
Teresa,Bond,michaelclark@morgan.biz,Armenia,4fcbb16b-6ad7-43a2-bf56-9897498621e8,2023-04-05
Nicholas,Hill,stewartchristopher@parks-torres.com,Madagascar,19d8d829-7e18-43f2-95ac-c44491cd5845,2024-07-08
Brent,Hunter,uberg@boyer.com,American Samoa,c8c82ab2-408b-431e-b9ca-be4b6b52676d,2024-07-19
William,Carpenter,christopherdavis@chavez-mccullough.biz,Korea,d9df9b0c-b0de-48b6-b7cf-f28320577c75,2024-06-22
Karen,Gray,hotom@wong.com,Isle of Man,0df9f5e1-1ee0-42db-888e-99c666b54ba9,2023-02-01
Patricia,Farley,shouston@gmail.com,Sri Lanka,2fd8880f-e431-4a77-ab95-5bc5a3963a00,2022-10-13
Gary,Smith,awilliams@yahoo.com,Ethiopia,c0d3dde3-5867-411a-8011-8ecadcca8c59,2024-04-30
Willie,Davis,aday@dawson.com,Cape Verde,0ad8cbd9-34c0-453a-b35a-54b94066355e,2022-12-22
Rachel,Reed,robertsherman@hotmail.com,Marshall Islands,e70a8d85-8f28-4cbe-9785-10a6958c42f1,2024-01-20
Jody,Turner,davisvalerie@wright-shaw.com,China,956f56bc-24fa-4c71-9dfd-ddd43e3e6dab,2024-03-21
Rachel,Davis,dominguezchelsea@hotmail.com,Norfolk Island,24ad2ac8-4d33-4efa-9075-2a969a16b993,2023-09-02
Alexis,Wolf,ryan70@lee.com,Sweden,73465fd1-9b3f-4984-8aab-1106e48e2f5f,2024-06-09
Shawn,Chang,keith54@hotmail.com,Pakistan,ccd3c932-b3aa-4a0c-8a47-7e9994dae315,2023-11-08
Matthew,Snow,hernandezanthony@yahoo.com,Guinea,7137034f-998a-4ccc-b10a-602517bfb208,2024-05-28
Lori,Dickson,michaeljones@yahoo.com,Heard Island and McDonald Islands,f32126d2-e89e-4000-abf6-416bb298b5e9,2023-06-20
John,Powell,fmartinez@hotmail.com,Korea,8328d3f0-c328-403c-af06-ef87c1998916,2023-04-30
Larry,Garcia,matthew52@garcia.com,Reunion,c19c2d9b-d440-4145-9efc-58d22b592a1f,2024-09-05
Joseph,Murillo,beckerdouglas@dennis.info,Panama,b4dfcd19-daa9-48ba-995d-10f4c80fa230,2023-09-27
Michael,Hernandez,asmith@hotmail.com,Panama,d98fb3aa-796c-4f9f-9f17-fd1e14e573b3,2023-06-09
Jessica,Wong,laurenholt@yahoo.com,Lesotho,11f15f68-b057-468c-be03-388d23c1f2d5,2024-01-11
Benjamin,Austin,ifields@gmail.com,Japan,b7d49aa6-fe3c-4561-ae6d-44134dabd60f,2023-04-16
Brandon,Simon,uharris@hotmail.com,Cocos (Keeling) Islands,6c7c5d5c-f8ff-4353-901e-60804ee9072a,2024-08-03
Benjamin,Davila,hscott@gibbs.com,Fiji,5252f816-4a83-4bdb-9912-81b196191370,2023-07-15
Amanda,Nash,samanthafritz@gmail.com,Singapore,5861bead-15db-4b53-9497-815bc4c7b02a,2024-05-20
Matthew,Moon,uwhitney@collins-brandt.com,New Caledonia,b6e43da6-72a0-4078-b02d-754944010915,2023-11-18
Russell,Avila,sarah15@yahoo.com,Palestinian Territory,e1409d58-1c2a-465e-9212-c56e07ec60d6,2023-08-20
Wendy,Roberson,bstafford@bernard.org,Macedonia,17b91c45-790b-48a7-b7d7-82c07a6a4fdd,2023-08-25
Andrea,Norton,franklinsteven@gmail.com,Martinique,d0b83ba4-b71a-425d-8206-7d713a10b70b,2022-11-21
