username,first_name,last_name,birthdate,country
cnlvhcdw,Cameron,Orr,1996-01-24,Panama
gtqwlqgn,Stacey,Hughes,1969-07-05,Croatia
oeibhguu,Danny,Adams,1992-08-04,Chad
eqolsqhi,Tammy,Mclean,1990-06-05,Georgia
onjsilpq,Kayla,Buchanan,1983-06-10,Turkey
pzrewhol,Chelsea,Price,1987-01-17,Brazil
cmwtecgq,Rebecca,King,1982-06-24,Dominica
mdnzmozw,Marcus,Simpson,1963-07-14,Australia
jbkwzhbp,Paul,Wong,1974-01-29,Rwanda
arpfoyto,Christopher,Hart,1995-07-09,France
mbnreqgg,Yvonne,Reese,1969-02-03,British Virgin Islands
aicycxiv,Frances,Rodriguez,1971-06-26,Belarus
himdgxpm,Matthew,Woods,1989-04-30,Saint Barthelemy
wpqyjlge,John,Russell,1984-02-23,Andorra
tvamyjyp,Stephanie,Graves,1982-05-20,Saint Vincent and the Grenadines
lfwtddna,Diana,Snyder,1999-08-31,Ireland
egtyvbqt,Jacob,Gilmore,1991-06-25,Mongolia
ssjzujvb,Maria,Dodson,1962-05-29,Nigeria
loydwpnv,Sheila,Moore,1984-07-24,Kyrgyz Republic
yviahohz,Sarah,Cole,1959-01-06,Falkland Islands (Malvinas)
nucfhayf,Carol,Martin,1984-07-06,Kiribati
oxkisgdc,Christopher,Turner,1986-03-31,Antarctica (the territory South of 60 deg S)
hvzwuqco,Melanie,Miller,1975-10-26,Brazil
kjdcatil,Holly,Rogers,1982-11-18,Kuwait
tppfadvd,Melanie,Vega,1992-11-07,United States Virgin Islands
ngvlcgzy,Johnny,Jones,2006-06-10,Taiwan
ygvfbooy,Jermaine,Williams,1983-05-28,Faroe Islands
ibjlflnn,Christopher,Bailey,1967-04-23,Cyprus
ttegybkj,Billy,Gomez,1970-02-14,Bermuda
lhhbmqat,Megan,Murphy,1974-02-17,Tuvalu
bucqxrfr,Tonya,Turner,1999-04-16,Guam
kcnwgfcf,Sara,Jordan,1971-05-15,Namibia
zszurtth,Shaun,Taylor,1991-03-14,San Marino
zgfwlgdj,Christine,Kelly,1963-03-18,Rwanda
zoqqjkhb,Isaac,Gray,1969-10-08,Fiji
jtaajwlb,Adrian,Sanchez,1962-06-26,Armenia
vdrsmwym,Andrew,Lopez,1974-07-21,Cook Islands
toladtjv,Adam,Baker,1998-09-06,Tajikistan
lvwoazqs,Alexis,Bennett,1998-09-14,Lebanon
yjzkenpm,Richard,Nunez,1986-10-13,San Marino
oncuflnl,Tracy,Johnson,1966-03-08,Uruguay
ijhvaeek,Michael,Johnson,1985-11-16,Ghana
lhbrotfz,Fernando,Norton,2006-02-14,Namibia
mmzpjbrh,Steven,Garner,1977-12-09,Finland
mqopxffm,Danny,Davenport,1960-06-08,Albania
ibejcuyp,Ashley,Welch,1966-10-24,Mongolia
snbmgwtk,Hailey,Garcia,1978-03-12,Sudan
mitgcolw,Samantha,Smith,1992-04-23,Korea
gzibjyre,William,Bautista,1975-04-03,Eritrea
wymwmtum,Melissa,Holt,2003-04-29,Comoros
smfnspdb,Crystal,Hansen,1975-07-22,Colombia
mofauloe,Anna,Anthony,1980-12-16,Saint Vincent and the Grenadines
bfowqtpz,Edward,Parker,1985-06-23,Brazil
esoxcody,Sandra,Smith,1989-05-07,Antigua and Barbuda
unnbvatl,Dean,Wolfe,2006-04-24,Cambodia
trfhrcjv,Bryce,Freeman,1959-04-19,Suriname
hrkryzsi,Leah,Hawkins,1975-06-18,Italy
byguekdn,Ashley,Duran,1964-04-19,Taiwan
sxeonwqg,Amber,Hamilton,1981-04-13,Serbia
uvyridmc,Justin,Coleman,1985-12-24,Cocos (Keeling) Islands
pqflbwiv,Bryan,Smith,1994-01-20,Brazil
acwbthge,Joseph,Murphy,1982-01-11,Brunei Darussalam
toygqnyg,Daniel,Garza,1986-07-10,Andorra
tzbbnxvb,Marcus,Singh,1998-06-04,British Indian Ocean Territory (Chagos Archipelago)
uvikxblc,Jennifer,Erickson,1961-10-14,Germany
vjwgipus,Marc,Holmes,1958-10-03,Liechtenstein
setpvxyr,Anthony,Berry,1990-05-28,India
gprzpjzz,Chelsea,Moreno,1969-10-05,Albania
udpnosrh,Richard,Lowe,1967-12-25,Bahamas
natxyrae,Cheryl,Ferguson,1981-06-04,Netherlands Antilles
blmvqfdg,Lisa,Edwards,1981-02-28,Tanzania
ypspiowh,Ryan,Ryan,1969-02-15,Nepal
vgkfaoiq,Deanna,Brown,1974-09-23,Hungary
hhwemfci,Trevor,Garcia,2001-07-25,Uruguay
nokpvgvp,Michael,Owens,1972-04-13,Gambia
isofshwh,Brittany,Fisher,1982-01-22,Croatia
fgxqridb,Kathleen,Spencer,1961-02-21,Switzerland
kmidopqk,Dawn,Alexander,1981-10-21,France
nxnozkza,Kathy,Flowers,1958-12-26,Niue
lcudjmlt,Robert,Turner,1970-09-30,Malaysia
biwtdofx,Evelyn,Mitchell,1962-03-19,Micronesia
amaanash,Adrienne,Cook,1974-11-14,Burundi
csothgyz,Bradley,Nicholson,1970-08-16,Martinique
qbnevwjv,Madeline,Smith,1980-01-22,Hungary
quvrzytg,Donald,Tran,1968-05-22,Jamaica
whyigwpb,Miranda,Herrera,1976-10-03,Moldova
wuvboolm,Janice,Irwin,1989-12-03,Jordan
nwgpwxxh,Alexander,Byrd,1975-12-11,Bulgaria
anpcjptn,Timothy,Wilson,1982-08-08,Morocco
crydfcvu,Donna,Brown,1977-06-02,France
mcfwvpcb,Valerie,Nguyen,1998-08-19,Indonesia
husmaynp,Alejandro,Decker,1972-02-25,Liberia
mzkjfstz,Catherine,Jenkins,1998-12-19,Congo
kgarzjpz,Marilyn,Hanson,2004-03-26,Algeria
ttfgznqg,Tiffany,Hernandez,1983-04-27,French Southern Territories
fbbmgbeq,Russell,Thornton,1993-12-11,Cote d'Ivoire
uffxnkml,Todd,Garrison,1995-08-01,Gambia
pjavmmze,Melanie,Buchanan,1971-12-05,Taiwan
bnxofven,Michael,Dean,1989-11-11,Vanuatu
qvwigcod,Roberto,Green,1960-03-05,Suriname
